Offense,	Team,	POS,	Fan Pts,	PassYds,	PassTD,	PassInt,	Sack,	Pick Six,	RushAtt,	RushYds,	RushTD,	RecYds,	RecTD,	RecTgt,	RetTD,	2PT,	FumTot,	FumLost,,,,
Josh Allen,Buf,QB,437.64,31,31,4306,29,18,24,0,111,524,15,0,0,0,0,0,3,7,4,
CeeDee Lamb,Dal,WR,400.20,2,2,0,0,0,0,0,14,113,2,135,1749,12,181,0,1,3,2,
Christian McCaffrey,SF,RB,388.30,1,1,0,0,0,0,0,272,1459,14,67,564,7,83,0,0,3,2,
Dak Prescott,Dal,QB,380.84,70,70,4516,36,9,39,0,55,242,2,0,0,0,0,0,2,4,2,
Tyreek Hill,Mia,WR,375.40,3,3,0,0,0,0,0,6,15,0,119,1799,13,171,0,0,1,1,
Jalen Hurts,Phi,QB,372.82,37,37,3858,23,15,36,0,157,605,15,0,0,0,0,0,9,5,3,
Jordan Love,GB,QB,355.06,72,72,4159,32,11,30,0,50,247,4,0,0,0,0,0,2,9,3,
Lamar Jackson,Bal,QB,338.22,39,39,3678,24,7,37,0,148,821,5,0,0,0,0,0,1,11,6,
Brock Purdy,SF,QB,334.60,85,85,4280,31,11,28,0,39,144,2,0,0,0,0,0,6,2,1,
Amon-Ra St Brown,Det,WR,328.90,8,8,0,0,0,1,0,4,24,0,119,1515,10,164,0,0,1,1,
Jared Goff,Det,QB,325.10,93,93,4575,30,12,30,0,32,21,2,0,0,0,0,0,2,6,4,
Patrick Mahomes,KC,QB,316.22,40,40,4183,27,14,27,0,75,389,0,0,0,0,0,0,5,3,0,
Tua Tagovailoa,Mia,QB,300.36,103,103,4624,29,14,29,0,35,74,0,0,0,0,0,0,13,5,0,
Puka Nacua,LAR,WR,297.50,13,13,0,0,0,0,0,12,89,0,105,1486,6,160,0,0,1,0,
Baker Mayfield,TB,QB,292.06,153,153,4044,28,10,40,0,62,163,1,0,0,0,0,0,2,8,3,
Breece Hall,NYJ,RB,288.50,4,4,0,0,0,0,0,223,994,5,76,591,4,95,0,1,2,0,
AJ Brown,Phi,WR,287.60,9,9,0,0,0,0,0,0,0,0,106,1456,7,158,0,0,2,2,
DJ Moore,Chi,WR,285.50,32,32,0,0,0,0,0,4,21,1,96,1364,8,136,0,0,1,1,
Mike Evans,TB,WR,282.50,20,20,0,0,0,0,0,0,0,0,79,1255,13,136,0,0,0,0,
Travis Etienne Jr,Jax,RB,282.40,21,21,0,0,0,0,0,267,1008,11,58,476,1,73,0,2,0,0,
CJ Stroud,Hou,QB,281.02,51,51,4108,23,5,38,0,39,167,3,0,0,0,0,0,1,8,4,
Keenan Allen,Chi,WR,278.86,74,74,0,0,0,0,0,2,6,0,108,1243,7,150,0,0,2,1,
Matthew Stafford,LAR,QB,272.10,128,128,3965,24,11,30,0,21,65,0,0,0,0,0,0,2,0,0,
Stefon Diggs,Hou,WR,271.80,46,46,0,0,0,0,0,1,5,0,107,1183,8,160,0,1,2,1,
Trevor Lawrence,Jax,QB,271.54,118,118,4016,21,14,35,0,70,339,4,0,0,0,0,0,1,12,7,
Joe Mixon,Hou,RB,267.00,41,41,0,0,0,0,0,257,1034,9,52,376,3,64,0,1,0,0,
Davante Adams,LV,WR,265.40,19,19,0,0,0,0,0,0,0,0,103,1144,8,175,0,0,0,0,
Rachaad White,TB,RB,264.90,42,42,0,0,0,0,0,272,990,6,64,549,3,70,0,0,3,2,
Raheem Mostert,Mia,RB,263.70,65,65,0,0,0,0,0,209,1012,18,25,175,3,32,0,0,4,1,
Russell Wilson,Pit,QB,261.90,231,231,3070,26,8,45,0,80,341,3,0,0,0,0,0,2,10,5,
Ja'Marr Chase,Cin,WR,261.72,5,5,0,0,0,0,0,3,-6,0,100,1216,7,145,0,0,1,0,
Derek Carr,NO,QB,261.12,172,172,3878,25,8,31,0,40,0,0,0,0,0,0,0,0,2,7,
Nico Collins,Hou,WR,259.40,29,29,0,0,0,0,0,1,7,0,80,1297,8,109,0,1,1,0,
Kyren Williams,LAR,RB,252.0,17,17,0,0,0,0,0,228,1144,12,32,206,3,48,0,1,3,2,
Sam Howell,Sea,QB,251.54,363,363,3946,21,21,65,0,48,263,5,1,4,0,1,0,2,4,2,
Derrick Henry,Bal,RB,250.66,14,14,0,0,0,0,0,280,1167,12,28,214,0,36,0,0,0,0,
Michael Pittman Jr,Ind,WR,248.20,33,33,0,0,0,0,0,0,0,0,109,1152,4,156,0,2,2,1,
Brandon Aiyuk,SF,WR,248.20,25,25,0,0,0,0,0,0,0,0,75,1342,7,105,0,0,1,1,
Justin Herbert,LAC,QB,248.16,133,133,3134,20,7,29,0,52,228,3,1,10,0,1,0,1,4,1,
Deebo Samuel Sr,SF,WR,242.70,28,28,0,0,0,0,0,37,225,5,60,892,7,89,0,0,1,0,
Bijan Robinson,Atl,RB,242.30,6,6,0,0,0,0,0,214,976,4,58,487,4,86,0,0,4,3,
Geno Smith,Sea,QB,240.26,143,143,3624,20,9,31,0,37,155,1,1,-2,0,1,0,2,5,3,
Jahmyr Gibbs,Det,RB,240.10,12,12,0,0,0,0,0,182,945,10,52,316,1,71,0,0,2,1,
Sam LaPorta,Det,TE,239.30,30,30,0,0,0,0,0,1,4,0,86,889,10,120,0,2,0,0,
Alvin Kamara,NO,RB,233.00,49,49,0,0,0,0,0,180,694,5,75,466,1,86,0,3,0,0,
Chris Olave,NO,WR,231.30,24,24,0,0,0,0,0,0,0,0,87,1123,5,138,0,1,0,0,
Adam Thielen,Car,WR,229.00,164,164,0,0,0,0,0,1,6,0,103,1014,4,137,0,1,2,0,
Calvin Ridley,Ten,WR,228.90,76,76,0,0,0,0,0,9,23,0,76,1016,8,136,0,1,1,0,
James Cook,Buf,RB,228.70,44,44,0,0,0,0,0,237,1122,2,44,445,4,54,0,0,4,2,
Evan Engram,Jax,TE,227.30,89,89,0,0,0,0,0,0,0,0,114,963,4,143,0,0,3,2,
DeVonta Smith,Phi,WR,226.60,38,38,0,0,0,0,0,0,0,0,81,1066,7,112,0,0,1,1,
DK Metcalf,Sea,WR,225.40,35,35,0,0,0,0,0,0,0,0,66,1114,8,119,0,0,0,0,
Amari Cooper,Cle,WR,225.00,43,43,0,0,0,0,0,0,0,0,72,1250,5,128,0,1,2,1,
DeAndre Hopkins,Ten,WR,223.60,102,102,0,0,0,0,0,2,9,0,75,1057,7,137,0,0,0,0,
Jordan Addison,Min,WR,221.30,101,101,0,0,0,0,0,1,2,0,70,911,10,108,0,0,0,0,
Saquon Barkley,Phi,RB,221.20,15,15,0,0,0,0,0,247,962,6,41,280,4,60,0,1,2,2,
Jakobi Meyers,LV,WR,220.58,119,119,0,0,0,0,0,4,24,2,71,807,8,106,0,0,0,0,
Tony Pollard,Ten,RB,219.60,82,82,0,0,0,0,0,252,1005,6,55,311,0,67,0,1,3,1,
Travis Kelce,KC,TE,218.40,26,26,0,0,0,0,0,0,0,0,93,984,5,121,0,0,1,1,
TJ Hockenson,Min,TE,218.00,157,157,0,0,0,0,0,0,0,0,95,960,5,127,0,0,1,1,
Justin Fields,Pit,QB,217.18,219,219,2562,16,9,44,0,124,657,4,0,0,0,0,0,10,4,,
Jayden Reed,GB,WR,215.20,78,78,0,0,0,0,0,11,119,2,64,793,8,94,0,1,2,0,
Isiah Pacheco,KC,RB,212.90,18,18,0,0,0,0,0,205,935,7,44,244,2,49,0,0,1,1,
Garrett Wilson,NYJ,WR,211.20,11,11,0,0,0,0,0,4,0,0,95,1042,3,168,0,0,2,2,
Rashee Rice,KC,WR,210.50,73,73,0,0,0,0,0,1,-3,0,79,938,7,102,0,0,2,1,
Jerome Ford,Cle,RB,210.20,122,122,0,0,0,0,0,204,813,4,44,319,5,63,0,1,1,1,
Chris Godwin,TB,WR,209.20,75,75,0,0,0,0,0,4,38,1,83,1024,2,130,0,1,0,0,
Terry McLaurin,Was,WR,209.20,60,60,0,0,0,0,0,0,0,0,79,1002,4,132,0,0,0,0,
Zay Flowers,Bal,WR,206.40,54,54,0,0,0,0,0,8,56,1,77,858,5,108,0,1,0,0,
George Pickens,Pit,WR,205.80,50,50,0,0,0,0,0,3,18,0,63,1140,5,106,0,0,3,0,
David Montgomery,Det,RB,205.20,56,56,0,0,0,0,0,219,1015,13,16,117,0,24,0,1,2,1,
George Kittle,SF,TE,203.20,66,66,0,0,0,0,0,1,2,0,65,1020,6,90,0,0,0,0,
Tyler Lockett,Sea,WR,202.40,110,110,0,0,0,0,0,0,0,0,79,894,5,122,0,2,0,0,
James Conner,Ari,RB,201.50,62,62,0,0,0,0,0,208,1040,7,27,165,2,33,0,0,0,0,
Justin Jefferson,Min,WR,201.20,7,7,0,0,0,0,0,1,-12,0,68,1074,5,100,0,0,1,1,
David Njoku,Cle,TE,199.20,98,98,0,0,0,0,0,0,0,0,81,882,6,123,0,0,2,2,
Jaylen Waddle,Mia,WR,198.60,36,36,0,0,0,0,0,3,12,0,72,1014,4,104,0,0,0,0,
Kenneth Walker III,Sea,RB,198.40,55,55,0,0,0,0,0,219,905,8,29,259,1,37,0,0,1,0,
D'Andre Swift,Chi,RB,196.30,80,80,0,0,0,0,0,229,1049,5,39,214,1,49,0,0,3,1,
Brian Robinson Jr,Was,RB,194.10,86,86,0,0,0,0,0,178,733,5,36,368,4,43,0,1,4,2,
Najee Harris,Pit,RB,193.50,69,69,0,0,0,0,0,255,1035,8,29,170,0,38,0,0,2,1,
Gardner Minshew II,LV,QB,193.20,335,335,3305,15,9,34,0,34,100,3,0,0,0,0,0,2,8,5,
Joshua Dobbs,SF,QB,192.66,364,364,2464,13,10,30,0,77,421,6,0,0,0,0,0,3,14,7,
Jaylen Warren,Pit,RB,192.40,83,83,0,0,0,0,0,149,784,4,61,370,0,74,0,0,4,2,
De'Von Achane,Mia,RB,188.70,22,22,0,0,0,1,0,103,800,8,27,197,3,37,0,0,1,1,
Courtland Sutton,Den,WR,187.20,99,99,0,0,0,0,0,0,0,0,59,772,10,90,0,0,3,3,
Gus Edwards,LAC,RB,184.00,112,112,0,0,0,0,0,198,810,13,12,180,0,13,0,1,3,2,
Chuba Hubbard,Car,RB,181.50,140,140,0,0,0,0,0,238,902,5,39,233,0,44,0,0,1,0,
Trey McBride,Ari,TE,180.50,48,48,0,0,0,0,0,0,0,0,81,825,3,106,0,0,1,0,
Austin Ekeler,Was,RB,180.40,96,96,0,0,0,0,0,179,628,5,51,436,1,74,0,0,5,4,
Cole Kmet,Chi,TE,180.10,138,138,0,0,0,0,0,3,2,0,73,719,6,90,0,0,1,0,
Javonte Williams,Den,RB,178.20,92,92,0,0,0,0,0,217,774,3,47,228,2,58,0,2,1,1,
Josh Jacobs,GB,RB,177.10,34,34,0,0,0,1,0,233,805,6,37,296,0,54,0,0,3,1,
Jake Ferguson,Dal,TE,177.10,95,95,0,0,0,0,0,0,0,0,71,761,5,102,0,0,0,0,
Drake London,Atl,WR,174.38,23,23,0,0,0,0,0,0,0,0,69,905,2,110,0,1,0,0,
Romeo Doubs,GB,WR,173.40,117,117,0,0,0,0,0,0,0,0,59,674,8,96,0,0,1,0,
Ezekiel Elliott,Dal,RB,172.50,111,111,0,0,0,0,0,184,642,3,51,313,2,65,0,0,2,1,
Brandin Cooks,Dal,WR,172.20,139,139,0,0,0,0,0,5,35,0,54,657,8,81,0,1,1,0,
Desmond Ridder,Ari,QB,170.14,1948,1948,2836,12,12,31,0,53,193,5,1,-6,0,1,0,2,12,7,
Zack Moss,Cin,RB,169.60,94,94,0,0,0,0,0,183,794,5,27,192,2,37,0,1,0,0,
Devin Singletary,NYG,RB,168.34,87,87,0,0,0,0,0,216,898,4,30,193,0,38,0,0,1,0,
Kirk Cousins,Atl,QB,166.74,125,125,2331,18,0,14,25,0,0,0,0,0,0,0,0,0,7,4,
Cooper Kupp,LAR,WR,164.40,27,27,0,0,0,0,0,1,-3,0,59,737,5,95,0,1,0,0,
Tank Dell,Hou,WR,163.00,53,53,0,0,0,1,0,11,51,0,47,709,7,75,0,0,1,0,
Gabe Davis,Jax,WR,160.40,149,149,0,0,0,0,0,1,-2,0,45,746,7,81,0,1,1,1,
Curtis Samuel,Buf,WR,157.20,109,109,0,0,0,0,0,7,39,1,62,613,4,91,0,0,0,0,
Joe Burrow,Cin,QB,157.16,67,67,2309,15,6,24,0,31,88,0,0,0,0,0,0,2,1,,
Josh Downs,Ind,WR,157.10,134,134,0,0,0,0,0,0,0,0,68,771,2,98,0,0,0,0,
Jonathan Taylor,Ind,RB,155.40,10,10,0,0,0,0,0,169,741,7,19,153,1,23,0,0,1,0,
Rashid Shaheed,NO,WR,154.60,104,104,0,0,0,0,0,7,37,0,46,719,5,75,0,0,1,1,
Tyjae Spears,Ten,RB,152.80,84,84,0,0,0,0,0,100,453,2,52,385,1,70,0,0,1,0,
Diontae Johnson,Car,WR,151.70,71,71,0,0,0,0,0,0,0,0,51,717,5,87,0,0,1,0,
Darius Slayton,NYG,WR,151.00,254,254,0,0,0,0,0,0,0,0,50,770,4,79,0,0,0,0,
Jaxon Smith-Njigba,Sea,WR,149.80,90,90,0,0,0,0,0,0,0,0,63,628,4,93,0,0,0,0,
Dalton Schultz,Hou,TE,149.50,124,124,0,0,0,0,0,0,0,0,59,635,5,88,0,0,1,1,
Dalton Kincaid,Buf,TE,149.30,68,68,0,0,0,0,0,0,0,0,73,673,2,91,0,0,1,1,
Jake Browning,Cin,QB,148.44,361,361,1936,12,7,24,0,27,127,3,1,-7,0,1,0,1,3,0,
Christian Kirk,Jax,WR,148.26,63,63,0,0,0,0,0,1,6,0,57,787,3,85,0,0,2,2,
Kyler Murray,Ari,QB,146.36,52,52,1799,10,5,18,0,44,244,3,0,0,0,0,0,1,7,0,
Tyler Boyd,Ten,WR,145.80,264,264,0,0,1,0,0,2,11,0,67,667,2,98,0,0,0,0,
Rhamondre Stevenson,NE,RB,144.70,61,61,0,0,0,0,0,156,619,4,38,238,0,51,0,0,1,1,
Taysom Hill,NO,QB,142.52,186,186,83,1,0,2,0,81,401,4,33,291,2,40,0,0,1,1,
Jerry Jeudy,Cle,WR,140.80,161,161,0,0,0,0,0,0,0,0,54,758,2,87,0,0,1,0,
Tyler Allgeier,Atl,RB,137.60,147,147,0,0,0,0,0,186,683,4,18,193,1,23,0,1,0,0,
Tee Higgins,Cin,WR,137.60,59,59,0,0,0,0,0,0,0,0,42,656,5,76,0,0,0,0,
Kyle Pitts,Atl,TE,137.30,77,77,0,0,0,0,0,1,-4,0,53,667,3,90,0,0,0,0,
Dallas Goedert,Phi,TE,136.30,115,115,0,0,0,0,0,1,1,0,59,592,3,83,0,0,0,0,
Hollywood Brown,KC,WR,134.70,79,79,0,0,0,0,0,2,23,0,51,574,4,101,0,0,0,0,
Mark Andrews,Bal,TE,134.40,57,57,0,0,0,0,0,1,0,0,45,544,6,61,0,0,1,0,
Wan'Dale Robinson,NYG,WR,133.20,195,195,0,0,0,0,0,9,87,1,60,525,1,78,0,0,0,0,
Aaron Jones,Min,RB,132.90,58,58,0,0,0,0,0,142,656,2,30,233,1,43,0,0,2,1,
Alexander Mattison,LV,RB,130.20,218,218,0,0,0,0,0,180,700,0,30,192,3,44,0,0,3,2,
Elijah Moore,Cle,WR,130.10,211,211,0,0,0,0,0,9,11,0,59,640,2,104,0,0,2,2,
Aidan O'Connell,LV,QB,128.82,1991,1991,2218,12,7,24,0,11,1,0,0,0,0,0,0,4,2,,
Josh Reynolds,Den,WR,127.80,291,291,0,0,0,0,0,0,0,0,40,608,5,64,0,0,1,1,
Logan Thomas,Was,TE,124.80,362,362,0,0,0,0,0,1,2,0,55,496,4,78,0,1,2,2,
Jahan Dotson,Was,WR,124.80,144,144,0,0,0,0,0,0,0,0,49,518,4,83,0,0,0,0,
Antonio Gibson,NE,RB,123.40,16,16,0,0,0,0,0,65,265,1,48,389,2,59,0,0,4,2,
Jonnu Smith,Mia,TE,123.20,215,215,0,0,0,0,0,1,0,0,50,582,3,70,0,0,1,1,
Tyler Conklin,NYJ,TE,123.10,229,229,0,0,0,0,0,1,0,0,61,621,0,87,0,0,0,0,
Joe Flacco,Ind,QB,122.84,358,358,1616,13,8,8,0,9,2,0,0,0,0,0,0,1,4,1,
KJ Osborn,NE,WR,119.00,316,316,0,0,0,0,0,0,0,0,48,540,3,75,0,0,1,0,
Hunter Henry,NE,TE,118.90,160,160,0,0,0,0,0,0,0,0,42,419,6,61,0,0,1,0,
Kareem Hunt,Cle,RB,118.50,304,304,0,0,0,0,0,135,411,9,15,84,0,21,0,0,0,0,
Samaje Perine,Den,RB,118.30,307,307,0,0,0,0,0,53,238,1,50,455,0,56,0,0,3,2,
AJ Dillon,GB,RB,117.60,199,199,0,0,0,0,0,178,613,2,22,223,0,28,0,0,0,0,
Dontayvion Wicks,GB,WR,116.76,141,141,0,0,0,0,0,1,1,0,39,581,4,58,0,0,3,1,
Cade Otton,TB,TE,115.50,162,162,0,0,0,0,0,0,0,0,47,455,4,67,0,1,1,1,
Bryce Young,Car,QB,115.38,205,205,2877,11,10,62,0,39,253,0,0,0,0,0,0,2,11,6,
Michael Wilson,Ari,WR,114.50,154,154,0,0,0,0,0,0,0,0,38,565,3,58,0,1,0,0,
DJ Chark,LAC,WR,113.50,253,253,0,0,0,0,0,0,0,0,35,525,5,66,0,0,2,1,
Mac Jones,Jax,QB,113.40,1988,1988,2120,10,12,22,0,26,96,0,0,0,0,0,0,0,3,2,
Chigoziem Okonkwo,Ten,TE,113.40,168,168,0,0,0,0,0,2,6,0,54,528,1,77,0,0,0,0,
Darren Waller,NYG,TE,113.20,359,359,0,0,0,0,0,0,0,0,52,552,1,74,0,0,0,0,
Tutu Atwell,LAR,WR,112.40,244,244,0,0,0,0,0,5,31,0,39,483,3,67,0,2,0,0,
Khalil Shakir,Buf,WR,112.10,132,132,0,0,0,0,0,1,10,0,39,611,2,45,0,0,1,0,
Khalil Herbert,Chi,RB,111.50,136,136,0,0,0,0,0,132,611,2,20,134,1,31,0,1,1,1,
Tyler Higbee,LAR,TE,108.50,305,305,0,0,0,0,0,0,0,0,47,495,2,70,0,0,0,0,
Justice Hill,Bal,RB,108.30,243,243,0,0,0,0,0,84,387,3,28,206,1,39,0,0,1,1,
Gerald Everett,Chi,TE,108.10,303,303,0,0,0,0,0,3,10,0,51,411,3,70,0,0,3,0,
Odell Beckham Jr,Mia,WR,106.50,293,293,0,0,0,0,0,0,0,0,35,565,3,64,0,0,1,1,
Zach Charbonnet,Sea,RB,106.10,121,121,0,0,0,0,0,108,462,1,33,209,0,40,0,0,0,0,
Jaleel McLaughlin,Den,RB,106.00,146,146,0,0,0,0,0,76,410,1,31,160,2,36,0,0,0,0,
Joshua Palmer,LAC,WR,105.70,129,129,0,0,0,0,0,1,6,0,38,581,2,61,0,0,1,1,
DeMario Douglas,NE,WR,104.20,170,170,0,0,0,0,0,8,41,0,49,561,0,79,0,0,3,1,
Rondale Moore,Atl,WR,104.00,378,378,0,0,0,0,0,28,178,1,40,352,1,62,0,0,1,0,
Noah Brown,Hou,WR,101.60,332,332,0,0,0,0,0,1,-1,0,33,567,2,55,0,0,0,0,
Christian Watson,GB,WR,101.30,97,97,0,0,0,0,0,4,11,0,28,422,5,53,0,0,0,0,
Kenny Pickett,Phi,QB,101.20,2457,2457,2070,6,4,23,0,42,54,1,0,0,0,0,0,2,0,,
Roschon Johnson,Chi,RB,101.10,175,175,0,0,0,0,0,81,352,2,34,209,0,40,0,0,1,0,
Isaiah Likely,Bal,TE,101.10,184,184,0,0,0,0,0,0,0,0,30,411,5,40,0,0,0,0,
Ty Chandler,Min,RB,101.00,137,137,0,0,0,0,0,102,461,3,21,159,0,25,0,0,0,0,
Kendrick Bourne,NE,WR,99.00,207,207,0,0,0,0,0,1,4,0,37,406,4,55,0,0,1,1,
Juwan Johnson,NO,TE,97.80,233,233,0,0,0,0,0,0,0,0,37,368,4,59,0,0,0,0,
Khalif Raymond,Det,WR,96.40,1943,1943,0,0,0,0,0,7,75,0,35,489,1,44,0,0,1,0,
Nelson Agholor,Bal,WR,96.10,1947,1947,0,0,0,0,0,0,0,0,35,381,4,45,0,0,1,0,
Alec Pierce,Ind,WR,95.40,275,275,0,0,0,0,0,0,0,0,32,514,2,65,0,0,0,0,
Kenneth Gainwell,Phi,RB,94.38,210,210,0,0,0,0,0,84,364,2,30,183,0,37,0,1,3,1,
Quentin Johnston,LAC,WR,94.00,180,180,0,0,0,0,0,3,9,0,38,431,2,67,0,0,0,0,
Trey Palmer,TB,WR,92.70,256,256,0,0,0,0,0,3,22,0,39,385,3,68,0,0,3,1,
Rico Dowdle,Dal,RB,91.50,130,130,0,0,0,0,0,89,361,2,22,144,2,44,0,0,0,0,
D'Onta Foreman,Cle,RB,90.20,224,224,0,0,0,0,0,109,425,4,11,77,1,16,0,0,1,0,
Michael Thomas,NO,WR,89.80,367,367,0,0,0,0,0,0,0,0,39,448,1,64,0,0,0,0,
Robert Woods,Hou,WR,89.30,299,299,0,0,0,0,0,1,7,0,40,426,1,75,0,0,0,0,
Justin Watson,KC,WR,88.00,1952,1952,0,0,0,0,0,0,0,0,27,460,3,53,0,0,1,1,
Michael Gallup,Dal,WR,87.80,1957,1957,0,0,0,0,0,0,0,0,34,418,2,57,0,0,0,0,
Will Levis,Ten,QB,87.02,169,169,1808,8,4,28,0,25,57,1,0,0,0,0,0,1,7,4,
Jerick McKinnon,KC,RB,86.36,282,282,0,0,0,0,0,21,60,1,25,192,4,32,0,0,0,0,
Zach Wilson,Den,QB,85.94,2118,2118,2271,8,7,46,0,36,211,0,0,0,0,0,0,2,11,7,
Miles Sanders,Car,RB,85.60,206,206,0,0,0,0,0,129,432,1,27,154,0,41,0,0,2,2,
Demarcus Robinson,LAR,WR,85.40,188,188,0,0,0,0,0,1,23,0,26,371,4,39,0,0,2,1,
Nick Westbrook-Ikhine,Ten,WR,85.00,322,322,0,0,0,0,0,0,0,0,28,370,3,45,0,1,0,0,
Jonathan Mingo,Car,WR,83.80,237,237,0,0,0,0,0,0,0,0,43,418,0,85,0,0,1,0,
Deshaun Watson,Cle,QB,82.80,151,151,1115,7,0,26,142,1,0,0,0,0,0,0,0,3,5,2,
Dameon Pierce,Hou,RB,82.70,192,192,0,0,0,0,0,145,416,2,13,101,1,0,0,0,0,0,
Latavius Murray,Buf,RB,81.90,345,345,0,0,0,0,0,79,300,1,19,119,0,22,0,0,1,0,
Donald Parham Jr,LAC,TE,79.50,369,369,0,0,0,0,0,0,0,0,27,285,4,41,0,0,0,0,
Tyrod Taylor,NYJ,QB,79.34,2553,2553,1341,5,0,38,197,0,0,0,0,0,0,0,0,0,4,0,
Jameson Williams,Det,WR,79.30,107,107,0,0,0,0,0,3,29,1,24,354,2,42,0,0,1,0,
Tanner Hudson,Cin,TE,79.20,368,368,0,0,0,1,0,0,0,0,39,352,1,50,0,0,0,0,
Darnell Mooney,Atl,WR,78.90,181,181,0,0,0,0,0,2,5,0,31,414,1,61,0,0,0,0,
Tucker Kraft,GB,TE,78.50,226,226,0,0,0,0,0,0,0,0,31,355,2,40,0,0,0,0,
Zay Jones,Ari,WR,78.10,260,260,0,0,0,0,0,0,0,0,34,321,2,64,0,0,0,0,
Pat Freiermuth,Pit,TE,76.80,127,127,0,0,0,0,0,0,0,0,32,308,2,47,0,1,0,0,
Rashod Bateman,Bal,WR,76.50,152,152,0,0,0,0,0,1,18,0,32,367,1,56,0,0,0,0,
Luke Musgrave,GB,TE,75.20,135,135,0,0,0,0,0,0,0,0,34,352,1,46,0,0,0,0,
Nick Mullens,Min,QB,74.74,1928,1928,1306,7,8,12,0,10,25,0,0,0,0,0,0,2,0,,
Tommy DeVito,NYG,QB,73.54,2532,2532,1101,8,3,37,0,36,195,1,0,0,0,0,0,0,2,1,
Brandon Johnson,Den,WR,73.40,1936,1936,0,0,0,0,0,0,0,0,19,284,4,30,0,1,0,0,
Noah Fant,Sea,TE,73.40,165,165,0,0,0,0,0,0,0,0,32,414,0,43,0,0,0,0,
Emeri Demercado,Ari,RB,73.30,311,311,0,0,0,0,0,58,284,2,21,119,0,30,0,0,0,0,
Kylen Granson,Ind,TE,73.00,1927,1927,0,0,0,0,0,1,2,0,30,368,1,50,0,0,0,0,
Zamir White,LV,RB,72.90,64,64,0,0,0,0,0,104,451,1,15,98,0,19,0,0,1,1,
DeVante Parker,NE,WR,72.40,1944,1944,0,0,0,0,0,0,0,0,33,394,0,55,0,0,0,0,
Jimmy Garoppolo,LAR,QB,72.10,1972,1972,1205,7,9,14,0,20,39,0,0,0,0,0,0,1,1,0,
Tre Tucker,LV,WR,71.80,1958,1958,0,0,0,0,0,10,77,0,19,331,2,34,0,0,0,0,
Durham Smythe,Mia,TE,71.60,1926,1926,0,0,0,0,0,0,0,0,35,366,0,43,0,0,0,0,
Michael Mayer,LV,TE,71.40,265,265,0,0,0,0,0,0,0,0,27,304,2,40,0,1,0,0,
Taylor Heinicke,Atl,QB,71.00,366,366,890,5,4,8,0,15,124,1,0,0,0,0,0,1,0,0,
Noah Gray,KC,TE,70.60,1937,1937,0,0,0,0,0,1,1,0,28,305,2,41,0,0,0,0,
Clyde Edwards-Helaire,KC,RB,70.10,278,278,0,0,0,0,0,70,223,1,22,0,0,0,0,0,0,0,
Keaton Mitchell,Bal,RB,69.90,223,223,0,0,0,0,0,47,396,2,9,93,0,11,0,0,0,0,
Anthony Richardson,Ind,QB,69.68,47,47,577,3,1,7,0,25,136,4,0,0,0,0,0,2,3,1,
Marvin Mims Jr,Den,WR,68.70,179,179,0,0,0,0,0,9,30,0,22,377,1,33,1,0,2,2,
Cedrick Wilson Jr,NO,WR,68.60,1956,1956,0,0,0,1,0,0,0,0,22,296,3,38,0,0,0,0,
Chris Moore,Ari,WR,67.30,1992,1992,0,0,0,0,0,2,39,0,22,424,0,35,0,0,1,0,
Brandon Powell,Min,WR,66.10,2371,2371,0,0,0,0,0,0,0,0,29,324,1,44,0,0,1,1,
Mike Gesicki,Cin,TE,65.40,281,281,0,0,0,0,0,0,0,0,29,244,2,45,0,0,0,0,
Greg Dortch,Ari,WR,64.50,277,277,0,0,0,0,0,1,5,0,24,280,2,41,0,0,0,0,
Bailey Zappe,NE,QB,63.18,2565,2565,1272,6,9,25,0,83,1,0,0,0,0,0,0,2,1,,
Allen Robinson II,NYG,WR,62.00,2095,2095,0,0,0,0,0,0,0,0,34,280,0,49,0,0,0,0,
Colby Parkinson,LAR,TE,61.70,213,213,0,0,0,0,0,0,0,0,25,247,2,34,0,0,0,0,
JuJu Smith-Schuster,NE,WR,61.00,1934,1934,0,0,0,0,0,0,0,0,29,260,1,47,0,0,0,0,
Joshua Kelley,LAC,RB,60.70,319,319,0,0,0,0,0,107,405,2,8,32,0,12,0,0,1,1,
Trenton Irwin,Cin,WR,60.60,1955,1955,0,0,0,0,0,0,0,0,25,316,1,32,0,0,2,0,
AT Perry,NO,WR,60.60,232,232,0,0,0,0,0,0,0,0,12,246,4,18,0,0,0,0,
Tommy Tremble,Car,TE,60.40,1946,1946,0,0,0,0,0,0,0,0,23,194,3,32,0,0,0,0,
Adam Trautman,Den,TE,60.40,1953,1953,0,0,0,0,0,0,0,0,22,204,3,35,0,0,0,0,
Allen Lazard,NYJ,WR,60.10,1941,1941,0,0,0,0,0,0,0,0,23,311,1,49,0,0,0,0,
Jamaal Williams,NO,RB,59.80,252,252,0,0,0,0,0,106,306,1,18,62,0,20,0,0,1,0,
Jalin Hyatt,NYG,WR,59.30,251,251,0,0,0,0,0,0,0,0,23,373,0,40,0,0,1,0,
Ryan Tannehill,Ten,QB,59.04,2138,2138,1616,4,7,32,74,1,0,0,0,1,0,0,4,0,,,
Isaiah Hodgins,NYG,WR,59.00,1951,1951,0,0,0,0,0,0,0,0,21,230,3,33,0,0,1,1,
Michael Carter,Ari,RB,58.80,288,288,0,0,0,0,0,30,187,0,24,101,1,31,0,0,0,0,
KaVontae Turpin,Dal,WR,58.70,2467,2467,0,0,0,0,0,11,110,1,12,127,3,18,0,0,1,0,
Jalen Tolbert,Dal,WR,57.80,268,268,0,0,0,0,0,0,0,0,22,268,2,36,0,0,1,1,
Tyson Bagent,Chi,QB,57.26,2096,2096,859,3,6,5,0,23,109,2,0,0,0,0,0,0,3,2,
Braxton Berrios,Mia,WR,56.90,2460,2460,0,0,0,0,0,1,11,0,27,238,1,33,0,0,1,0,
Jake Bobo,Sea,WR,56.90,2134,2134,0,0,0,0,0,1,3,1,19,196,2,25,0,0,0,0,
Easton Stick,LAC,QB,55.56,1932,1932,1129,3,1,14,0,27,144,1,0,0,0,0,0,0,5,4,
Marquez Valdes-Scantling,Buf,WR,55.50,346,346,0,0,0,0,0,0,0,0,21,315,1,42,0,0,1,1,
Dawson Knox,Buf,TE,54.60,295,295,0,0,0,0,0,0,0,0,22,186,2,36,0,1,0,0,
Skyy Moore,KC,WR,53.70,315,315,0,0,0,0,0,3,23,0,21,244,1,38,0,0,0,0,
Xavier Gipson,NYJ,WR,53.70,2369,2369,0,0,0,0,0,8,68,1,21,229,0,38,1,0,5,2,
Mitchell Trubisky,Buf,QB,53.68,2115,2115,632,4,5,7,0,16,54,2,0,0,0,0,0,1,1,1,
Chase Brown,Cin,RB,52.50,91,91,0,0,0,0,0,44,179,0,14,156,1,15,0,0,1,0,
Josh Oliver,Min,TE,52.30,1940,1940,0,0,0,0,0,0,0,0,22,213,2,28,0,0,1,1,
Kadarius Toney,KC,WR,52.00,321,321,0,0,0,0,0,11,31,0,27,169,1,38,0,0,1,0,
Zach Ertz,Was,TE,51.70,292,292,0,0,0,0,0,0,0,0,27,187,1,43,0,0,0,0,
Jauan Jennings,SF,WR,51.50,2113,2113,0,0,0,0,0,0,0,0,19,265,1,33,0,0,0,0,
Brevin Jordan,Hou,TE,50.90,1925,1925,0,0,0,0,0,0,0,0,219,2,21,0,0,0,0,,
Calvin Austin III,Pit,WR,50.70,2375,2375,0,0,0,0,0,11,57,0,180,1,30,0,0,2,0,,
Andrei Iosivas,Cin,WR,50.60,212,212,0,0,0,0,0,0,0,0,15,116,4,25,0,0,0,0,
Daniel Bellinger,NYG,TE,50.50,1942,1942,0,0,0,0,0,0,0,0,25,255,0,28,0,0,0,0,
Drew Sample,Cin,TE,50.30,1975,1975,0,0,0,0,0,0,0,0,22,163,2,27,0,0,0,0,
Mike Williams,NYJ,WR,50.20,131,131,0,0,0,0,0,1,3,0,19,249,1,26,0,0,0,0,
Mo Alie-Cox,Ind,TE,49.10,1950,1950,0,0,0,0,0,0,0,0,13,161,3,22,0,1,0,0,
David Bell,Cle,WR,48.70,1974,1974,0,0,0,0,0,0,0,0,14,167,3,23,0,0,0,0,
Austin Hooper,NE,TE,48.40,1964,1964,0,0,0,0,0,0,0,0,25,234,0,31,0,0,0,0,
Elijah Mitchell,SF,RB,47.50,194,194,0,0,0,0,0,75,281,2,6,14,0,8,0,0,0,0,
Hunter Renfrow,LV,WR,47.50,2139,2139,0,0,0,0,0,0,0,0,25,255,0,37,0,0,1,1,
Lil'Jordan Humphrey,Den,WR,47.20,2114,2114,0,0,0,0,0,0,0,0,13,162,3,19,0,0,0,0,
Foster Moreau,NO,TE,46.30,1935,1935,0,0,0,0,0,0,0,0,21,193,1,25,0,0,0,0,
Royce Freeman,Dal,RB,46.20,2125,2125,0,0,0,0,0,77,319,2,1,13,0,2,0,0,0,0,
Bo Melton,GB,WR,45.90,343,343,0,0,0,0,0,3,21,0,16,218,1,24,0,0,0,0,
Matt Breida,SF,RB,45.90,342,342,0,0,0,0,0,55,151,,88,0,21,0,0,1,0,,
Cam Akers,Hou,RB,45.70,347,347,0,0,0,1,0,60,167,2,11,70,0,12,0,0,0,0,
Alex Erickson,LAC,WR,45.20,1961,1961,0,0,0,0,0,0,0,0,16,232,1,29,0,0,0,0,
Jordan Mason,SF,RB,44.70,242,242,0,0,0,0,0,40,206,3,3,31,0,4,0,0,0,0,
Cedric Tillman,Cle,WR,44.20,276,276,0,0,0,0,0,1,8,0,21,224,0,44,0,0,0,0,
Kendre Miller,NO,RB,43.30,177,177,0,0,0,0,0,41,156,1,10,117,0,11,0,0,0,0,
Mack Hollins,Buf,WR,43.10,1987,1987,0,0,0,0,0,0,0,0,18,251,0,30,0,0,0,0,
Salvon Ahmed,Mia,RB,42.90,348,348,0,0,0,0,0,22,61,1,16,88,1,23,0,0,0,0,
Hayden Hurst,LAC,TE,42.40,1923,1923,0,0,0,0,0,0,0,0,18,184,1,32,0,0,0,0,
Pierre Strong Jr,Cle,RB,41.80,309,309,0,0,0,0,0,63,291,1,5,47,0,8,0,0,1,1,
Van Jefferson,Pit,WR,41.30,261,261,0,0,0,0,0,1,4,0,20,209,0,43,0,0,0,0,
Jeff Wilson Jr,Mia,RB,41.30,297,297,0,0,0,0,0,41,188,0,14,85,,0,0,0,0,,
Ameer Abdullah,LV,RB,41.00,2555,2555,0,0,0,0,0,15,89,0,19,131,0,24,0,0,0,0,
Johnny Mundt,Min,TE,40.20,1954,1954,0,0,0,0,0,0,0,,172,1,23,0,0,0,0,,
Will Dissly,LAC,TE,40.20,236,236,0,0,0,0,0,0,0,,172,1,22,0,0,0,0,,
Treylon Burks,Ten,WR,39.90,279,279,0,0,0,0,0,5,18,0,16,221,0,30,0,0,0,0,
Chase Edmonds,TB,RB,39.70,324,324,0,0,0,0,0,49,176,0,14,81,,0,0,0,0,,
Connor Heyward,Pit,TE,39.70,2098,2098,0,0,0,0,0,1,0,0,23,167,0,34,0,0,0,0,
Jamal Agnew,Jax,WR,39.30,2143,2143,0,0,0,0,0,4,-2,0,14,225,1,21,0,0,1,1,
Scotty Miller,Pit,WR,39.10,2463,2463,0,0,0,0,0,0,0,0,11,161,2,16,0,0,0,0,
Kyle Juszczyk,SF,RB,38.50,2478,2478,0,0,0,0,0,5,6,0,14,119,,0,0,0,0,,
Olamide Zaccheaus,Was,WR,38.40,2120,2120,0,0,0,0,0,0,0,0,10,164,2,20,0,0,0,0,
Dalvin Cook,NYJ,RB,38.20,325,325,0,0,0,0,0,67,214,0,15,78,0,20,0,0,2,2,
Deonte Harty,Bal,WR,38.00,2544,2544,0,0,0,0,0,4,0,0,15,150,1,21,1,0,2,1,
Andrew Beck,Hou,RB,37.80,2546,2546,0,0,0,0,0,5,3,1,11,55,2,13,1,0,1,1,
